{"cameraMode":{"drawMode":0,"name":"Shaded","section":"Shading Mode"},"sceneLighting":true,"audioPlay":false,"sceneViewState":{"m_AlwaysRefresh":false,"showFog":true,"showSkybox":true,"showFlares":true,"showImageEffects":true,"showParticleSystems":true,"showVisualEffectGraphs":true,"m_FxEnabled":true},"in2DMode":false,"pivot":{"x":1.604309320449829,"y":0.6291994452476502,"z":0.9166167974472046},"rotation":{"x":0.05456241965293884,"y":0.9335289001464844,"z":-0.16150522232055665,"w":0.3153829574584961},"size":2.9660251140594484,"orthographic":false}