{"cameraMode":{"drawMode":0,"name":"Shaded","section":"Shading Mode"},"sceneLighting":false,"audioPlay":false,"sceneViewState":{"m_AlwaysRefresh":false,"showFog":true,"showSkybox":false,"showFlares":true,"showImageEffects":true,"showParticleSystems":true,"showVisualEffectGraphs":true,"m_FxEnabled":true},"in2DMode":false,"pivot":{"x":0.016499202698469163,"y":0.04353952407836914,"z":-0.2729206681251526},"rotation":{"x":0.17209573090076447,"y":0.79087233543396,"z":-0.25797608494758608,"w":0.5275900959968567},"size":1.5073950290679932,"orthographic":false}